Dataset,c1r1,c1r2,c1r3,c1r4,c1r5,c1r6,c1r7,c1r8,c2r1,c2r2,c2r3,c2r4,c2r5,c2r6,c2r7,c2r8,c3r1,c3r2,c3r3,c3r4,c3r5,c3r6,c3r7,c3r8,c4r1,c4r2,c4r3,c4r4,c4r5,c4r6,c4r7,c4r8,c5r1,c5r2,c5r3,c5r4,c5r5,c5r6,c5r7,c5r8,c6r1,c6r2,c6r3,c6r4,c6r5,c6r6,c6r7,c6r8,c7r1,c7r2,c7r3,c7r4,c7r5,c7r6,c7r7,c7r8,c8r1,c8r2,c8r3,c8r4,c8r5,c8r6,c8r7,c8r8
0,0.711594077,0.853929191,0.689814937,0.641972792,0.884092543,0.810873427,0.699518218,0.649472192,0.601152242,0.305825547,0.511134812,0.488598726,0.492743098,0.597470516,0.571380043,0.330640636,0.212598887,0.177471917,0.123354388,0.138715375,0.170896854,0.183588256,0.269066716,0.263860075,0.132446562,0.086134539,0,0,0.079535037,0.07090119,0.178428488,0.086487124,0,0,0,0.065675847,0,0.012811137,0,0.077222275,0.006629185,0.015736945,0,0.034717592,0.19187834,0.034581652,0,0.006070483,0,0,0.06355757,0,0,0,0.095462816,0,0.09810006,0,0.062548901,0,0.252225535,0.213076615,0,0
1,0.770834655,0.808957265,0.776728709,0.772994223,0.680493808,0.842032573,0.746763961,0.962495173,0.295830368,0.494490718,0.449037674,0.49428301,0.496728309,0.594477121,0.775442062,0.5630933,0.316775091,0.272960776,0.07206363,0.394050048,0.177343122,0.224943763,0.288068035,0.073322712,0,0.030270534,0.036169807,0,0.060507155,0.080930993,0.077751539,0.059546606,0,0.061727571,0.061765458,0,0.158489241,0,0.181036504,0.16786659,0.017128995,0,0.07173441,0.029683843,0,0.069934483,0,0,0,0,0,0,0.017266428,0.084096575,0,0,0,0.104455088,0,0,0,0,0,0.002499826
2,0.786269643,0.851970635,0.647403027,0.570892336,0.789366345,0.800794572,0.670335475,0.862496202,0.553407861,0.398904291,0.397651948,0.389480539,0.392303778,0.715170704,0.414507077,0.656769621,0.166877735,0.151633867,0.245648153,0.08809931,0.230623766,0.205248618,0.115280763,0.007473972,0,0,0.090685137,0.047059597,0.22356104,0.092064727,0.020688359,0.048924103,0,0.198083405,0,0,0,0.118971293,0,0,0.055817206,0,0.013195399,0.040005867,0.100385284,0,0.098898209,0.132597746,0.011740694,0.088047982,0.223985726,0.099868779,0.106763484,0,0,0.232774194,0,0,0,0.015381831,0,0.009936577,0.089937437,0
3,0.79356287,0.87523208,0.745588165,0.862711026,0.883269199,0.84791287,0.613389221,0.735772684,0.312456035,0.568380442,0.472317086,0.521109453,0.62462194,0.354414697,0.694056727,0.466831216,0.191704723,0.126305212,0.221472497,0.291717119,0.262185734,0.183300305,0.179111926,0.234133855,0.004594326,0.006169911,0.003505166,0,0,0,0.060576346,0.058365379,0.123271068,0.021325139,0,0,0.03386147,0,0,0,0.010052088,0,0.022369138,0.026604784,0.085578141,0.015572512,0.083509592,0.047387682,0.06496859,0,0,0,0.065414419,0,0,0,0.003311053,0,0.022148478,0,0.199300896,0.024501402,0,0.040120466
4,0.748791343,0.692968189,0.820533999,0.713369508,0.854824946,0.698991482,0.756064065,0.857258008,0.381773901,0.269630875,0.487806205,0.429518107,0.568223463,0.325413472,0.448742025,0.536961467,0.399688762,0.252145216,0.399863359,0.200829423,0.182809595,0.226306151,0.396673261,0.386107337,0,0.073656644,0,0.221071127,0,0,0,0.047441446,0.249790473,0,0,0,0,0.040316816,0.113625093,0.129919886,0,0,0.012265029,0,0.01503971,0,0.063231781,0,0.076964877,0,0,0.122790791,0.034261771,0.144305961,0.04085067,0,0.001337562,0,0.029890737,0.079582653,0.093015093,0,0.00605424,0.055591166
5,0.808597633,0.773114155,0.855082979,0.857114767,0.679080528,0.755628585,0.418215539,0.848736023,0.488690372,0.37433461,0.324947765,0.662183911,0.43773021,0.671842954,0.468631303,0.430134803,0.179824295,0.080385689,0.255579158,0.392143422,0.148557219,0.053331284,0.161441043,0.337971861,0,0.149642314,0.115579761,0.049579535,0.13548578,0.055447531,0,0.079762648,0,0,0.074071728,0,0,0.081945266,0.077246142,0,0.21956442,0.096961439,0,0,0.060197755,0,0.053708668,0.03579672,0,0.15042308,0,0,0.000922667,0,0.069432622,0,0.170018835,0.187870381,0,0,0.221511556,0,0.107605249,0.000606653
6,0.960168967,0.656419945,0.631716633,0.827978444,0.785569553,0.775792948,0.809129806,0.896132954,0.555770376,0.491978125,0.520798903,0.403142317,0.325584996,0.399338451,0.241563595,0.446677765,0.250216192,0.104920578,0.235737459,0.220731389,0.196391426,0.076413427,0.112090381,0.105138498,0.128908484,0,0,0.03603067,0,0,0,0.031007069,0.056985492,0.043805423,0,0.152092674,0.161368204,0.05265186,0.026991465,0.101995543,0.13390647,0,0,0.09022167,0,0.007520654,0.133685324,0,0.028449255,0,0,0.008981959,0,0,0.027226567,0,0.052772857,0.197477373,0,0.185462255,0.117250552,0,0,0
7,0.739515455,0.841044262,0.548103657,0.575497077,0.753489785,0.74735005,0.658272534,0.779205539,0.390178598,0.462334272,0.48268319,0.440119595,0.390139673,0.491834639,0.618099533,0.486368995,0.106263829,0.129826965,0.352363703,0.217730424,0.248074261,0.143381721,0.173698814,0.234475343,0.164308613,0,0.121334193,0,0.050115745,0,0.114141008,0,0.143508582,0.007683912,0,0,0.092125194,0.036656539,0,0.179877559,0.090424712,0.088240312,0,0.133269279,0.090911029,0.04559438,0,0.101180171,0,0.174371073,0.196206494,0,0,0,0.002070869,0,0.061794226,0.095927421,0,0,0,0.122646967,0.054951675,0
8,0.697926471,0.734205126,0.904940726,0.783487908,0.879226884,0.846391594,0.621679731,0.863519682,0.528535138,0.532720722,0.516142723,0.572745052,0.588465253,0.283314308,0.429015367,0.523471963,0.258517035,0.127344839,0.214534811,0.336587428,0.191107141,0.31239684,0.199647773,0.352421917,0.04254126,0.205029655,0.124113257,0,0.191918376,0.11490639,0.114925158,0,0.157169763,0,0,0,0,0,0,0,0,0.001565457,0,0,0.14929931,0,0,0,0,0.131790689,0,0,0.164346712,0.015057825,0,0,0,0,0,0,0.10675841,0,0.049002448,0.052221182
9,0.65078726,0.726590227,0.783617982,0.671538741,0.850927033,0.903104828,0.8060339,0.746810863,0.357334869,0.461137273,0.479831757,0.54145149,0.515820252,0.461807509,0.757100881,0.518697441,0.207209309,0.021497517,0.28953921,0.261940253,0.107646504,0.051021713,0.165778954,0.165364087,0.205579258,0.032907324,0.139642048,0.069432433,0.118225959,0.01652962,0.041424101,0.125470918,0,0.124017378,0.050718643,0.21479828,0.054035005,0.024670915,0,0.163725793,0.063413726,0,0.313508651,0.056836015,0.085719572,0,0.070306631,0,0.000586541,0,0,0,0,0.028771202,0.094337024,0.0297292,0,0.067464828,0.121250467,0.100919662,0.128960925,0.120697629,0.111397039,0.005035741
10,0.718999839,0.854651377,0.637196891,0.879466784,0.649115683,0.915878653,0.651175408,0.546872382,0.470097259,0.499004323,0.476677396,0.746827913,0.426808196,0.614757392,0.542899745,0.46899601,0.211384222,0.226300976,0.325587517,0.038592085,0.169528433,0.118521043,0.269427773,0.187927701,0.037463632,0,0,0,0.264563234,0.027845101,0.199038249,0,0.156825902,0.038798663,0.116339866,0.094669381,0.034543052,0.050234959,0,0.082393524,0.126326979,0.000731422,0,0,0,0.003697006,0.152536082,0,0,0.049466299,0.013441912,0.132112463,0,0,0.06294593,0.102436857,0,0.039378739,0,0,0,0,0,0
11,0.824334873,0.853147016,0.697893258,0.866283726,0.94147424,0.89600771,0.733670301,0.78836453,0.533938439,0.431462747,0.538060681,0.752829764,0.42568601,0.471202568,0.572567975,0.46922058,0.209601567,0.146020248,0.160161435,0.095680646,0.307447979,0.293213966,0.169094578,0.05582684,0.113587011,0,0.126738171,0,0.104398812,0,0.050211821,0.255196384,0.055831989,0,0.137537863,0.005940341,0,0.003808089,0.050478658,0,0.062982878,0,0,0,0,0,0,0.067154244,0.047630887,0,0.001723113,0.149663416,0.046267152,0.143591114,0,0,0.108561587,0,0.250072636,0,0,0.063001236,0,0.065590742
12,0.672282768,0.644357359,0.803052104,0.632689794,0.79421169,0.79811092,0.689383931,0.865139843,0.505909389,0.466603689,0.521766649,0.500671773,0.407554933,0.535193474,0.279222767,0.450799919,0.210949178,0.212674789,0.072861039,0.327548286,0.35414053,0.32231776,0.346318122,0.157958658,0.047742422,0,0.029575204,0.136718543,0.112167196,0.296056242,0.017468206,0.085228268,0.078725789,0,0.014525731,0,0,0.039372346,0,0.135077374,0,0.144145448,0,0,0,0.078397788,0.060393999,0,0.067109801,0,0,0,0,0.032051625,0,0,0.191549557,0,0,0,0.011284725,0,0,0.092993433
13,0.972158136,0.622594885,0.708235832,0.91753286,0.585224822,0.728265525,0.883632846,0.81471011,0.405014607,0.612422953,0.674211318,0.514021015,0.54900064,0.518040915,0.603694694,0.500046045,0.142957081,0.068806231,0.307555248,0.025868696,0.216022869,0.228927085,0.233893595,0.250966025,0.191576587,0.164728024,0.256002329,0.115770595,0.261637238,0,0.158213898,0.007601471,0,0,0.051220583,0,0.059264834,0,0.096158066,0.038330667,0.030417331,0,0.134841141,0.067220676,0,0.044106744,0.072210039,0.105780256,0,0,0,0,0,0,0.153270651,0.080249602,0.192292073,0.263126743,0,0,0,0,0,0
14,0.827120901,0.67297515,0.680786511,0.788626769,0.879301803,0.850687479,0.75825732,0.71752031,0.285627766,0.423310014,0.521431058,0.457789392,0.556086888,0.558784981,0.481174823,0.322408222,0.220670935,0.167591869,0.319497841,0.215655327,0.25708258,0.435383842,0.407799049,0.299879212,0.027879329,0.186621498,0.024600152,0.051402384,0.23025543,0.14347242,0.121158844,0,0.127424911,0.129712969,0.236618591,0.131447835,0,0,0,0.189940637,0.040697958,0.046368987,0,0,0,0,0.002149097,0.07533765,0,0,0.159244117,0,0.012445412,0.084668157,0,0.14642387,0.019484995,0,0,0,0.089980261,0,0.105918346,0.01214825
15,0.838713126,0.803322886,0.81109555,0.779950352,0.720001506,0.791006317,0.648351308,0.716636721,0.460132853,0.371542175,0.510559255,0.394838377,0.573050853,0.537791377,0.444573653,0.279107879,0.225394697,0.201953803,0.201787193,0.002188046,0.154410729,0.264159775,0.200422239,0.287707706,0.0032241,0,0,0.03337339,0,0.046866483,0,0,0.063958866,0.129281287,0.086361848,0,0,0.119896437,0.034375997,0,0,0,0.007673722,0,0,0,0.112806608,0.054052319,0.045956409,0.038562651,0.286450813,0.188661706,0,0,0,0,0,0.064355435,0.128719196,0.129336832,0.135699458,0.086662594,0.047155704,0
16,0.984888554,0.730650674,0.550300884,0.850451647,0.693617485,0.833835562,0.746612836,0.718616959,0.3751057,0.595591273,0.477106523,0.531668395,0.621399459,0.316110973,0.396360342,0.541343388,0.156433852,0.303660231,0.192644162,0.243409332,0.100957747,0.278551573,0.099424738,0.206317992,0,0.159816396,0.139885276,0.260061241,0.131894431,0.078284648,0,0.212309426,0.090924776,0,0.140090072,0,0.064558331,0.077670943,0,0,0,0,0,0.243472732,0,0,0,0,0,0.032723326,0,0.012461674,0.256792019,0.011843385,0.078842677,0,0.024679248,0,0.023745497,0.12848595,0.124251984,0.000277651,0,0
17,0.821319708,0.719431013,0.873476162,0.787993338,0.803196867,0.708455938,0.765160425,0.671178641,0.535837099,0.482386679,0.483314971,0.296701136,0.5525304,0.710161979,0.464789151,0.623403145,0.228088127,0.123210678,0.235769035,0.290418886,0.117064695,0.087235526,0.282623944,0.168992987,0.017423589,0.077719014,0.054062368,0.137082762,0.135465234,0.079807369,0.124076028,0,0,0.092042525,0.249223468,0.032305228,0.229018626,0.175529779,0.12434374,0.008529386,0.015703767,0.06450452,0,0.004281189,0.020591622,0,0,0,0,0.062888174,0.07538447,0,0.089985609,0.083232796,0,0,0.077947365,0,0,0.117909275,0.088394496,0.11874282,0.116255478,0
18,0.784601121,0.859933023,0.850633188,0.638494199,0.718539708,0.894658926,0.879167144,0.695734206,0.485844975,0.463489981,0.437062567,0.473844454,0.408272127,0.470957502,0.42421563,0.528272235,0.199260939,0.239657483,0.189184765,0.270182101,0.09430923,0.224274168,0.17795064,0.099883264,0.105644777,0.14172869,0,0.083924822,0.022606753,0.063478669,0,0.123839158,0,0,0.010611042,0,0.079441688,0.072555586,0.016786933,0.079411666,0.016646515,0.112653405,0.05984136,0.079992666,0.07153923,0.171912361,0,0.003811123,0,0,0,0,0.229907397,0,0.091835133,0,0,0.028799096,0.109776202,0.142931081,0,0,0,0.027229892
19,0.727767158,0.944954827,0.705645672,0.814988748,0.835968627,0.753648028,0.687056508,0.798395713,0.361862432,0.372795372,0.423707224,0.352977804,0.460355441,0.451639088,0.451993092,0.451338109,0.341054709,0.174127245,0.311490075,0.343642125,0.029827527,0.122451676,0.108029351,0.240688043,0.145413895,0,0,0,0.066286252,0.128754914,0.147798573,0.064891583,0.065092854,0.048269248,0.007469834,0,0,0,0,0,0,0.20039377,0,0,0.032756531,0,0,0,0.007672479,0.02923417,0,0,0.111224501,0.014544437,0.011121125,0.056495355,0,0,0.017320086,0.024067859,0.001883298,0.031924159,0.219629472,0.009069546
20,0.70040723,0.859276288,0.688811706,0.779879631,0.623709261,0.812648801,0.792203019,0.819256435,0.366601636,0.446921338,0.419470201,0.687892827,0.508612861,0.555631563,0.35217544,0.48249635,0.327469514,0.225286276,0.301400047,0.232766696,0.252558282,0.136532805,0.189599812,0.09663828,0.027785623,0.114969101,0.160670651,0.035211972,0,0,0.034103215,0.048228488,0,0.037795568,0,0,0.088931876,0,0,0,0,0,0.081406503,0.076472906,0.059031431,0,0,0.102869442,0.04940129,0.100315353,0,0.126050472,0,0,0.188090923,0.105854199,0.20422889,0,0,0,0.126720293,0.12798633,0.029793102,0
21,0.576502241,0.740592123,0.784146554,0.88507483,0.593708888,0.539491961,0.758062655,0.678765917,0.526291342,0.583614558,0.534674916,0.500736192,0.41937275,0.54933923,0.584181659,0.555911329,0.202250517,0.080015573,0.151883917,0.228634998,0.195254085,0.311217032,0.086840427,0.080953094,0.134042042,0,0.066329077,0.074611335,0.064461568,0.109629947,0.084863067,0.031250124,0.241678623,0,0,0.114739697,0.129712541,0,0,0,0.190332469,0,0,0.083183778,0,0,0.112440377,0,0.086000822,0.043607025,0.121417735,0,0.012947353,0,0,0.100099041,0.117587691,0,0.028714534,0.031769589,0.055741759,0,0,0
22,0.731228704,0.729590051,0.909697739,0.626321175,0.654694134,0.685078521,0.621665596,0.746277954,0.39386276,0.414967517,0.504975582,0.442005073,0.400047958,0.492497539,0.659515906,0.525501879,0.157716238,0.045927118,0.035236429,0.217628785,0.080459494,0.310886785,0.166094649,0.243283898,0,0.131294985,0.023874306,0.095203712,0.00613808,0.084250259,0,0.063994975,0,0,0.067901464,0,0,0.035798734,0.022728745,0.123486166,0.068900969,0,0,0,0.002000588,0.064620473,0,0,0,0.007454286,0,0,0.106047173,0.165249829,0,0,0,0,0.16639904,0,0.058141735,0.045371643,0.142979392,0.032402774
23,0.740548407,0.806399251,0.592287616,0.750088837,0.739286102,0.692013206,0.799146526,0.838779572,0.496195716,0.29618086,0.418915995,0.304814914,0.458202149,0.429465188,0.523700595,0.369884054,0.115989977,0.330098749,0.196076846,0.256382742,0.303999787,0.061623224,0.389362024,0.218300637,0.110710116,0.109018285,0,0.038675657,0,0,0.104725657,0.015406276,0.128091685,0.048536015,0.001302767,0.090160018,0.182777512,0.108984574,0,0.0024571,0,0,0.031327526,0,0.016751415,0,0.152413991,0.06140146,0,0.065951916,0,0.05488913,0.1097091,0,0.017955503,0.083507015,0.014868582,0.090166372,0,0.38504239,0,0,0,0
24,0.926671284,0.725127114,0.745112125,0.715965824,0.507802056,0.748598471,0.823635506,0.683292025,0.491840809,0.391962822,0.474390629,0.544165305,0.305282048,0.526592874,0.607213073,0.647796045,0.14093176,0.321108323,0.363991467,0.233491358,0.132179717,0.228041936,0.192065659,0.128910734,0.182291908,0.032904637,0.02779372,0,0.033604973,0.20510953,0.05054309,0.021379295,0.117204956,0.117474278,0.032513034,0,0,0.085475654,0,0.037064641,0,0,0.139255293,0,0,0.022380497,0,0,0,0.0497206,0.124396349,0,0.006789799,0.056468204,0.100941493,0.051840456,0,0,0,0.142433467,0,0,0,0.067807106
25,0.784920111,0.860658874,0.756951948,0.682573748,0.573260031,0.804754689,0.73197454,0.752524046,0.540517233,0.245323253,0.382805483,0.554401208,0.493820737,0.394346738,0.441288137,0.489326702,0.154536503,0.103107009,0.133267383,0.093916935,0.23132044,0.243714137,0.244721835,0.085767708,0,0.04390073,0,0.110387728,0,0,0.003250922,0,0.194375982,0,0.000389473,0,0.088507536,0,0.007774237,0,0.084997812,0.03772794,0,0,0,0.081058159,0,0,0,0,0,0,0.155590364,0.057027393,0.032167039,0.191280367,0.034050929,0,0.009170776,0,0,0.089154618,0.108113939,0
26,0.857387231,0.63770854,0.656104832,0.863041679,0.804164743,0.883369456,0.88870172,0.835394829,0.491798411,0.43964175,0.383237481,0.511492037,0.615878465,0.516479452,0.594166713,0.537161001,0.080046764,0.152370013,0.166639424,0.204948966,0.231510089,0.234664664,0.170072901,0.132130638,0.102137521,0.146157729,0.221273161,0.025779503,0.097296424,0.0750855,0.074636799,0.071219863,0.132895673,0,0.084531265,0,0.036648509,0,0,0.050050077,0,0.002302875,0.098048903,0.013854028,0.026829507,0,0,0.119879286,0.058639665,0,0,0,0.076867871,0,0,0.090380153,0,0,0.106393878,0,0.034882037,0.091703875,0,0.060722856
27,0.794050807,0.872400909,0.829560724,0.88262186,0.629016554,0.776440895,0.709404604,0.823460571,0.418890845,0.310696063,0.451703079,0.526866392,0.458072676,0.583377842,0.65319174,0.305441373,0.258390961,0.14405065,0.034877485,0.389831285,0.162082296,0.207343365,0.124520734,0.163803912,0,0,0.069420543,0.107499213,0.093681982,0,0.306235318,0.07023831,0.00313195,0,0,0,0.10277508,0.00193671,0,0.210485851,0.056960698,0.048721756,0.00296522,0,0,0.04511234,0.093383341,0.28347704,0,0.040924856,0.057219394,0,0,0.064544868,0,0.047046603,0,0,0.055544659,0,0,0.119236779,0.005662404,0
28,0.671309517,0.888721329,0.816163296,0.820167267,0.803151948,0.916609871,0.747785543,0.880539585,0.490627559,0.551095144,0.489760639,0.507629545,0.649036272,0.612903044,0.425941446,0.390050299,0.41568425,0.234193125,0.034554689,0.317349674,0.286777952,0.095050651,0.266509104,0.294124923,0.018813997,0.085053436,0,0,0.036306823,0.131483373,0.11785983,0.050340883,0.109789476,0.074045465,0,0.184569188,0.082666812,0,0.094896561,0.094219836,0,0,0,0.093219429,0,0,0.074402166,0,0.155372345,0.033893535,0,0.13606248,0.142406652,0.035570822,0.12238555,0.134230391,0,0.057969559,0,0.000972698,0.082211166,0.014825507,0.129743431,0.005260653
29,0.824402754,0.628059337,0.724942559,0.704344975,0.899991246,0.769939527,0.884694766,0.669822152,0.43474481,0.460258851,0.59896625,0.360426567,0.497925646,0.464919187,0.531472795,0.471543379,0.220445944,0.259419469,0.050964377,0.091154452,0.346366701,0.277309769,0.209880757,0.225339009,0.01159754,0,0.079725891,0.003035221,0,0.000835333,0.036751691,0.035681647,0,0,0.030997768,0.062964843,0.179828131,0.030630199,0,0.128465364,0,0,0,0,0.033716997,0.057191717,0,0.123189779,0.082527044,0,0.005772151,0.042546424,0.031729198,0.011540037,0,0,0,0.048246649,0.052328977,0.042314237,0.209908406,0,0,0
30,0.767194387,0.546009599,0.771248631,0.811223452,0.809308906,0.807376771,0.797451524,0.753065184,0.425633908,0.488990123,0.464201618,0.482033857,0.282765202,0.61370819,0.569094272,0.666525901,0.208595246,0.190054478,0.292651903,0.144334668,0.307628455,0.160308941,0.159934141,0.026672998,0.118530451,0.200530241,0.073390574,0.10605176,0.215308158,0.029157194,0.089450264,0.003702576,0,0,0,0.070042586,0.060745857,0,0,0.082403294,0,0.022031636,0.082356719,0.006215652,0.07673708,0,0,0.08328659,0,0,0.044512316,0.010701538,0.030281917,0.149254636,0,0,0.040124637,0.020778879,0,0.146401611,0.187040615,0,0,0.234753982
31,0.821237846,0.673561469,0.712344489,0.800258964,0.855213952,0.856934211,0.797410605,0.691360962,0.351868493,0.375433075,0.358490017,0.430390881,0.392543342,0.411351033,0.553499981,0.512247068,0.08722789,0.200061505,0.277778609,0.424611028,0.203989139,0.270490439,0.063194696,0.132584108,0.110607606,0.078352982,0.084990003,0.045483421,0.098520646,0.042809626,0,0.206929357,0,0,0,0.250284611,0,0.061654662,0,0.085460385,0,0.087922951,0,0.16781524,0,0.066855853,0,0.090547603,0.104693339,0.082368697,0.056572973,0,0,0.020112377,0,0,0,0.072326916,0,0.03223503,0.077755885,0.041126248,0.151565457,0.071801545
32,0.84397786,0.716213093,0.856857438,0.874856648,0.747004866,0.802731709,0.788652064,0.649048955,0.63572707,0.476037608,0.453153405,0.586750118,0.519077943,0.459152296,0.566033309,0.401677063,0.20427785,0.293605853,0.155092312,0.19455547,0.111929886,0.078280985,0.220501915,0.047445592,0,0,0.047273729,0.038038347,0.036253867,0.044253408,0.001745877,0.119764076,0.025128311,0,0.165353488,0,0.029596187,0,0.009900166,0,0,0,0.032316485,0.032716861,0.020731779,0,0.093507279,0.051713158,0.109237898,0.04850775,0.016693045,0.099957668,0.166905252,0.008304915,0.114618328,0.011881478,0.132893466,0.03821785,0.043228538,0.10179048,0,0.176280802,0,0.08392356
33,0.881650878,0.753676977,0.758050717,0.865297147,0.72933639,0.657470584,0.885878082,0.717213801,0.416035283,0.34721482,0.283738778,0.370662568,0.421100642,0.419397877,0.61310324,0.509225924,0.164611378,0.31764125,0.064573338,0.275617437,0.157925012,0.268726058,0.12758159,0.175373637,0.055683685,0.050803635,0.311074932,0.098643478,0.103300264,0.010476093,0,0.025717677,0,0,0.075911123,0.014456825,0.178601229,0,0.328155955,0.010608518,0.04012257,0.148324202,0,0,0.216571214,0.056113459,0.004273263,0,0.089506342,0,0,0.110737564,0.030509638,0,0.119279564,0.085085924,0.10671656,0,0,0,0,0,0.089613901,0.041322676
34,0.81720141,0.7964398,0.882083704,0.689732672,0.809505226,0.905958171,0.721846471,0.739333829,0.460877633,0.405491756,0.473850104,0.516685374,0.583650006,0.413066274,0.534068826,0.352333822,0.195879527,0.14408468,0.21504202,0.176126,0.36617306,0.18258109,0.220685745,0.11123128,0.089637412,0.143887047,0.117897511,0.255176628,0,0,0.074506896,0.012048346,0.007938108,0.060440591,0.086425681,0.113285609,0.160134557,0.251062609,0,0,0,0.127322446,0,0.065937439,0.240692558,0,0,0.053309123,0,0,0,0.043549844,0,0.069728724,0,0.012104043,0.077040866,0.095237461,0.045394527,0,0,0.06422726,0,0.064891407
35,0.761206835,0.799429316,0.935309505,0.852685993,0.801135928,0.536010013,0.539868223,0.874026669,0.585327191,0.388660947,0.427365397,0.482637745,0.449296869,0.483292338,0.389468091,0.454087727,0.169284248,0.022372805,0.276342202,0.1505996,0.245922376,0.497199184,0.176556733,0.250050584,0,0.097814739,0.004117842,0.17401379,0,0.043021634,0.023624733,0,0.131377983,0,0,0.037086706,0,0,0,0.15906224,0.060068076,0,0,0,0,0,0,0.088531012,0,0.106042065,0.032447061,0.116127559,0.106463913,0.057819011,0.181453385,0.152657931,0.032988001,0.148075607,0,0,0,0,0.087152143,0
36,0.69761393,0.999818357,0.695873769,0.730582329,0.560909848,0.803961207,0.58805969,0.776219867,0.574717943,0.617759172,0.586965105,0.276069214,0.532544769,0.419364352,0.541662978,0.369241457,0.330557084,0.221384454,0.221920051,0.276148624,0.027837654,0.147955999,0.072733427,0.22053943,0.05631428,0.247261802,0,0.194519493,0.131483804,0.138750162,0.061588144,0,0.016079083,0.215014294,0,0.096034572,0,0.067949661,0.099169863,0.126430506,0,0.03088242,0,0,0.026202902,0,0,0,0.044371195,0.003811079,0,0,0.09338929,0.004517402,0,0,0.060842285,0,0.145449568,0,0,0.118878745,0.018380512,0
37,0.740676877,0.841708397,0.696759737,0.748572246,0.773627859,0.75543365,0.992087189,0.750024102,0.400847755,0.574565838,0.62324058,0.440479094,0.304090185,0.417773694,0.505192017,0.555682372,0.09236606,0.206260603,0.28879115,0.183284769,0.41091172,0.112369278,0.272714035,0.127874532,0.058467535,0.102446533,0.12318864,0.032265418,0.140240693,0,0.102281161,0.087146695,0,0.171976759,0,0.004877095,0.14789912,0.121244474,0,0.106504201,0,0,0,0,0.122084311,0,0,0.053466017,0,0,0.031945168,0.012067271,0,0.076845689,0,0.13771197,8.62E-05,0,0.061013734,0.091655096,0.0248819,0,0.116353782,0.019414922
38,0.781047057,0.576431636,0.707485435,0.849881254,0.866753768,0.55747915,0.774537145,0.689457218,0.449937376,0.556920289,0.494055473,0.528109229,0.543339584,0.469898478,0.554169197,0.55337396,0.17626576,0.151274786,0.291793903,0.039199853,0.234235903,0.080435021,0.303960491,0.30801795,0.187286348,0,0.098764799,0.041133413,0.084690308,0,0,0.136121522,0.05668731,0,0,0,0.278289065,0.109963955,0,0.107292286,0.011144461,0,0.27078707,0.109165166,0.195528478,0.104844246,0.140715192,0,0.058352438,0.035328172,0,0,0,0.036379688,0,0,0.043553696,0.102368656,0.014192043,0,0.16372392,0,0.002259263,0.020996645
39,0.931674767,0.807781096,0.629537566,0.752288402,0.727222937,0.625113262,0.681723715,0.672266352,0.50738976,0.371657814,0.490828964,0.604931272,0.403881812,0.559517827,0.603644504,0.590950343,0.170743396,0.28514671,0.184349279,0.199160929,0.179454393,0.157788253,0.124259064,0.26943191,0.15752247,0,0.216576126,0.004490219,0.136347083,0.246944594,0,0,0.096487734,0.027551698,0,0,0,0,0,0,0.063272523,0.163242363,0.262091855,0.079877714,0,0.047169959,0,0.026581855,0.037599093,0.063441261,0.076421941,0,0.028938912,0,0,0,0,0.042793613,0.131537145,0.07075142,0.059629752,0.123725305,0,0
40,0.844819767,0.789764464,0.694784786,0.684477603,0.821777855,0.756755868,0.797896668,0.752751793,0.481639223,0.595765541,0.54986015,0.526979732,0.609026348,0.552577077,0.511934926,0.487257462,0.359043546,0.160848977,0.243139134,0.146927254,0.119666509,0.159195678,0.224596189,0.342798129,0.176528141,0.094978656,0.265788357,0,0.037956711,0,0.219946606,0,0.016048481,0,0.026087223,0,0.005722329,0,0,0,0,0,0,0,0.052218851,0,0.029914087,0,0,0,0,0,0.017016221,0,0.106431705,0.148670627,0.055911681,0.023673699,0.106637039,0,0,0,0.072719649,0
41,0.779924047,0.809564842,0.767984445,0.609344201,0.83982137,0.755271055,0.710596015,0.722731675,0.526468883,0.63173813,0.439989805,0.575209404,0.388695409,0.507139955,0.460930014,0.430690406,0.13119554,0.065252103,0.16601644,0.293486131,0.263642061,0.229555559,0.134013445,0.041665209,0.180146785,0.072937967,0.117164034,0.025433171,0,0.093246934,0.188756283,0.028829673,0,0,0,0.023340249,0.003545092,0.109170527,0.152376303,0.021614211,0.12159212,0,0,0.137642563,0,0,0,0,0,0,0,0.22423701,0.021882727,0,0,0.091130755,0,0.082889576,0.123700419,0,0,0,0,0.011820069
42,0.866909925,0.737961378,0.790264766,0.766769384,0.772085619,0.760324266,0.903753676,0.90103255,0.485197879,0.453706503,0.547290057,0.547634962,0.500434622,0.549844251,0.535527535,0.447481473,0.211911342,0.16614243,0.225677431,0.144424224,0.010269989,0.182781728,0.265132126,0.440242495,0,0.121604167,0,0.145196054,0.238882261,0,0.016700003,0.089517333,0,0.023145327,0.019064997,0,0,0.036334798,0,0,0.128034273,0,0.046014888,0,0.011143018,0.076787717,0.018525837,0.018730547,0,0,0.163297084,0.004350315,0.070055667,0.034259689,0,0.054139601,0,0,0,0,0,0.013258242,0,0
43,0.645456324,0.894984356,0.476517964,0.929847272,0.732190037,0.624999461,0.946163536,0.900812964,0.488997127,0.27332367,0.548545869,0.374910541,0.347210655,0.566065043,0.490627225,0.248805758,0.296444984,0.336045673,0.102801565,0.405539626,0.2301196,0.273398363,0.136899947,0.053889895,0.20889644,0.007083946,0.051714014,0.061645469,0.142314696,0.064230879,0.08315649,0.043846326,0,0,0,0.026124577,0,0.027590456,0,0,0,0.012487145,0,0.17439586,0.02025914,0.125120507,0.056854943,0.116355793,0.099616874,0.079983448,0,0,0.094591927,0,0,0.107962962,0.002422307,0.018016223,0.012630971,0.050928445,0.003038179,0.090595634,0,0.018387541
44,0.837145905,0.851184406,0.721369267,0.788088219,0.869176376,0.782530441,0.662438296,0.676415507,0.260474156,0.298821612,0.451962358,0.410200652,0.570519021,0.450280515,0.606219855,0.423024353,0.271708128,0.317203571,0.249856394,0.165457197,0.113506447,0.178911458,0.185656902,0.017588421,0.037960331,0.032002174,0,0,0.082564835,0.008011048,0,0.221052514,0,0,0,0.173408926,0,0.141816061,0.059729409,0.030502531,0.054055957,0,0.10053881,0,0,0.06432447,0,0.104368277,0,0,0,0.071114023,0.003615193,0,0,0.108299909,0,0.155852942,0.013646803,0,0,0,0,0.026927941
45,0.818296626,0.793978748,0.914240978,0.782547504,0.868697373,0.840744381,0.676118717,0.570812443,0.396136574,0.665562244,0.36017341,0.568012158,0.389514783,0.525461309,0.41341162,0.579455573,0.245417134,0.305284173,0.184690387,0.170823052,0.2807506,0.120727225,0.037095859,0.266000579,0.12671211,0.023278704,0,0,0.224553646,0.164237013,0.165977306,0.010208507,0.028648127,0,0.080386093,0,0.025237671,0,0.026447733,0,0.123431374,0.101569368,0,0.084937986,0,0,0,0,0,0,0,0,0,0.07001137,0,0.093907308,0,0,0,0,0,0,0,0
46,0.891912326,0.75929042,0.827102919,0.700791164,0.743752012,0.988477616,0.709786571,0.841917704,0.405579362,0.521447785,0.420474245,0.505098836,0.539441063,0.531394453,0.467072551,0.393385175,0.110596383,0.224049282,0.136276434,0.088223546,0.184907602,0.309934192,0.400622459,0.199114361,0,0.006103159,0.095827168,0.273043175,0.167111036,0.12098561,0.168503356,0.000690827,0,0.114190919,0.002030128,0.0484072,0,0,0.069751557,0.057820879,0,0,0,0.02634591,0.083587906,0.124868705,0,0.056247735,0,0.141013279,0,0.087538459,0,0,0.110042074,0.045827832,0,0,0,0.130192928,0,0.000739494,0,0
47,0.781937485,0.867464555,0.746397143,0.857609121,0.832792378,0.821107612,0.6859507,0.685040811,0.65431543,0.499772911,0.419167307,0.340154462,0.350042335,0.529249223,0.492752604,0.598095509,0.287740273,0.106016945,0.344985463,0.257940073,0.061149904,0.060067131,0.212917705,0.315061463,0,0.149762492,0.029420546,0.109817889,0.069783329,0.16890846,0.14769423,0.219890242,0.18903188,0.203333816,0.1079314,0,0,0.017883214,0,0.039887181,0.043558167,0.020554994,0.007233428,0.01803731,0,0,0.165818853,0,0.097916602,0,0.131738782,0.142620483,0,0.11593881,0,0,0,0.058550266,0.078548274,0.10404769,0.007204253,0.001033738,0.001401167,0.097616462
48,0.677895776,0.674477624,0.873525827,0.621224696,0.662348468,0.955117145,0.614439223,0.863727765,0.47931923,0.427715973,0.712741243,0.481278113,0.413926018,0.460017179,0.512273303,0.513191143,0.116179488,0.211276559,0.242018093,0.158819054,0.412225939,0.184236222,0.300574297,0.198775549,0.112101279,0,0.033034937,0.149293163,0.069816375,0.074850599,0.118837057,0.009250224,0,0,0.101234498,0,0,0,0.016267473,0.007740396,0.09858167,0,0,0,0,0.012838019,0.024694205,0.095956199,0,0,0.007747587,0,0,0,0,0,0,0.085911398,0,0.034684373,0.023817383,0,0,0
49,0.808637691,0.675586854,0.780997218,0.678899645,0.711587725,0.661205048,0.689902251,0.554065127,0.490302129,0.471676084,0.484836602,0.562704544,0.415665149,0.598044852,0.575510305,0.555321539,0.163199207,0.219139022,0.227887598,0.234025295,0.168176398,0.254287659,0.446331222,0.271637779,0,0.019463038,0.017701274,0.23471687,0,0.079266908,0,0.06008036,0,0,0,0,0.163125408,0,0,0.070227304,0.167185337,0.049608822,0,0.01386118,0,0.087874858,0,0,0,0,0,0.17368482,0.082419289,0,0,0,0.11223761,0,0,0.080953501,0,0.116288364,0,0.087535675
50,0.820223149,0.803186692,0.851753894,0.733421242,0.715855428,0.652103394,0.698584175,0.761064292,0.637192062,0.796295583,0.441191436,0.611745384,0.416384961,0.587542201,0.429357739,0.444766922,0.210235034,0.242993048,0.373055605,0.224709634,0.128188078,0.209516741,0.364002548,0.087523405,0,0.144888493,0.249158994,0.066728704,0.159922308,0,0.075130987,0.150719045,0.25293469,0.034772702,0.025050972,0,0.037111548,0.078626424,0.014981643,0.078133312,0,0,0.03778849,0,0.102393429,0.034323297,0,0,0,0,0.068913469,0.058840262,0.213681366,0.024569568,0.12584706,0.023423099,0.08555662,0.102229555,0.073117686,0,0,0.062755587,0,0.100723555
51,0.757557733,0.949120243,0.711323896,0.689039252,0.778117083,0.618105499,0.95290072,0.662299946,0.376682139,0.457927067,0.327815234,0.569822664,0.486711857,0.637351257,0.467852042,0.510617347,0.134008211,0.426511201,0.334475815,0.115637544,0.314901866,0.201114211,0.262587939,0.290164606,0.073368775,0,0.100195649,0.049439555,0,0.01858958,0.027723995,0,0,0,0.027375472,0,0,0.019515911,0.070448011,0.010392629,0.022409437,0.018960195,0.017273916,0,0.147838104,0.01641877,0,0,0,0.159751634,0.171627751,0,0.184573352,0,0.047624919,0,0,0,0,0.088495687,0.091334023,0.023213528,0,0
52,0.732377627,0.784031977,0.821270226,0.721775844,0.854552479,0.753159029,0.827737165,0.739781769,0.519897359,0.48139627,0.434350982,0.485409245,0.540394682,0.512598948,0.591215925,0.566488002,0.150598617,0.353688029,0.096237702,0.270465035,0.165164304,0.165844605,0.252049592,0.166513141,0.097293968,0,0,0.109212741,0.021071982,0,0.028815276,0.06470649,0.084144239,0,0,0.112866967,0,0,0.032343708,0,0,0,0.170274291,0.169654419,0.052212228,0.110489481,0.05716005,0,0,0,0,0,0,0.134594965,0.183302807,0.114091929,0,0,0,0.048727109,0,0,0,0
53,0.817740218,0.722351231,0.750078385,0.745031855,0.779896173,0.537161947,0.878808392,0.883864005,0.542591003,0.470864712,0.57697525,0.446622803,0.466256927,0.392981784,0.421554127,0.341241641,0.262287823,0.147187878,0.283100303,0.089119784,0.233138047,0.083919053,0.181157516,0.300443399,0.065633777,0,0.065352121,0.14708982,0.168254868,0.20858671,0.094384977,0.049085745,0.26347193,0,0.085630359,0.047092905,0.118637169,0.145240069,0,0.175903846,0,0,0.119042525,0,0.042023985,0,0.058634797,0.064934686,0.045269996,0.073350718,0.067198093,0,0.179614147,0,0.03254739,0,0.158767475,0.087921077,0.002858413,0,0.08968776,0.041664954,0.028572386,0.020815949
54,0.81069888,0.752164486,0.668176725,0.771859433,0.692130226,0.758913513,0.796858634,0.862780696,0.552404008,0.443421268,0.57678961,0.404738889,0.358854189,0.413073239,0.372833509,0.367028755,0.084498853,0.105231222,0.320860513,0.070185254,0.218776524,0.231137432,0.159800208,0.194122624,0.101512977,0.006994116,0,0.116766918,0,0.057858749,0,0.000800135,0.197495807,0,0.076534867,0.147609119,0.008955369,0.137156556,0.031194299,0,0,0.047642426,0.106238549,0,0.006897648,0,0.19088048,0,0,0.041518678,0,0.037223564,0,0.027783874,0,0,0.03197685,0.021742815,0,0,0,0,0,0.052744415
55,0.850794173,0.705374143,0.679980832,0.699152008,0.685097038,0.679314998,0.718538612,0.825194791,0.484818416,0.375985512,0.408695573,0.561448962,0.445697998,0.370044972,0.577132098,0.292229761,0.231504591,0.175344247,0.171132615,0.295243017,0.195618162,0.208941325,0.225674948,0.184004514,0.093118894,0,0,0.025200136,0.06238865,0.062857697,0.180214491,0.080654573,0,0.03081621,0,0.083169844,0.160920543,0.184306441,0.093962737,0.080888801,0,0.002452242,0.009228799,0,0,0.032210329,0,0,0.053968675,0,0.152019614,0,0,0,0.186049253,0.084397385,0.099273112,0.058768201,0.181481032,0,0.011464696,0,0.084416641,0.028796454
56,0.895629257,0.753428139,0.985954288,0.695227854,0.782207617,0.843797993,0.873511865,0.935788545,0.531294317,0.548628184,0.643915529,0.374806666,0.556481847,0.400848098,0.599122649,0.486428873,0.314109305,0.295886726,0.343928874,0.342673931,0.188319688,0.102975581,0.259303008,0.34240793,0,0.213921036,0,0.256553131,0.017775366,0.017876123,0,0,0.021334863,0,0,0.032216524,0.036566275,0.022865947,0.046996248,0.051955781,0,0.045844898,0,0.005043973,0.077055743,0.061613208,0,0.049911778,0,0,0,0.082551656,0.029925227,0,0.116298031,0,0,0,0.016247731,0.251797786,0.105909239,0.072051753,0,0
57,0.791843549,0.728932522,0.731740649,0.822838553,0.959221859,0.652536976,0.667221343,0.546637484,0.489339052,0.519822958,0.395549189,0.576807227,0.462876124,0.563653688,0.521148564,0.533278804,0.113595662,0.255979315,0.298362901,0.35931217,0.295420831,0.157739833,0.220547175,0.304374317,0,0.084180538,0.070861987,0.087295916,0.083396898,0,0,0.043220037,0.167782833,0.121005343,0,0,0,0.013449749,0,0,0,0,0,0.016824839,0,0.148718246,0,0,0,0.000957943,0.043127465,0.063942819,0,0,0.15897022,0,0,0,0,0.126860288,0.080447633,0,0,0
58,0.740853204,0.740182374,0.761506819,0.835450125,0.799662163,0.718788038,0.633772469,0.875691788,0.345411725,0.517393097,0.385403262,0.417896163,0.577325586,0.525441167,0.686469196,0.646976129,0.271142479,0.251901948,0.050143655,0.172564381,0.030665595,0.170566523,0.189269774,0.31383095,0,0,0,0.106437689,0,0.11919818,0.069854978,0.059849625,0,0,0,0.054528789,0.072303938,0.088941424,0,0,0.016323244,0.04001238,0.177023076,0.145683137,0.078981935,0.036934464,0.102110699,0.021828211,0,0,0.039471869,0.115012547,0,0,0.055341523,0.041093013,0.13139112,0,0.080660786,0,0,0,0.009140437,0.091419125
59,0.752613635,0.868508051,0.786762333,0.905919632,0.974546636,0.779702341,0.798815248,0.889322083,0.538730799,0.352435461,0.505583531,0.519242466,0.444217181,0.630439449,0.248578487,0.40139853,0.086685778,0.215250789,0.343290673,0.272591165,0.273021558,0.055820654,0.135176799,0.084108531,0.10930418,0.012875553,0,0,0.034525917,0.020429868,0.212149304,0.151662941,0.030620195,0,0.085602196,0,0.054524211,0.09839175,0,0,0.080707944,0,0.04142698,0,0,0.013458035,0.189314172,0,0.093650054,0,0.02622883,0.063019772,0,0.020201752,0,0,0,0,0,0,0.052763046,0,0,0
60,0.77904564,0.947216876,0.793852192,0.799042283,0.863071744,0.791482921,0.867482486,0.768334129,0.395817192,0.532342599,0.562966427,0.441937991,0.418365867,0.58456261,0.357201303,0.343890205,0.295479105,0.117922265,0.192611147,0.054700264,0.299983305,0.228046593,0.1142761,0.061627342,0,0.1525285,0,0.262566797,0.125270023,0.172877296,0.191916007,0.07478932,0,0.078413093,0,0.135564258,0.121998352,0.023896622,0,0,0,0,0.07387941,0,0.082295295,0,0,0.040497163,0,0.074909558,0,0.051476902,0,0,0.216394258,0.032354118,0.150754076,0,0.002173351,0.075233058,0.106629377,0,0,0
61,0.698570456,0.830931226,0.760937832,0.774634362,0.716911124,0.6571292,0.894478398,0.560785417,0.455833517,0.513700215,0.557277576,0.290046751,0.488829972,0.577532026,0.428063748,0.297752411,0.158445822,0.17727578,0.155547306,0.104271811,0.331499936,0.214919106,0.067033009,0.133303359,0.019873128,0.074809821,0,0,0.153815921,0,0.283098885,0,0.065465739,0,0,0.032815866,0,0.050701387,0.005838492,0.03074943,0.07169466,0,0,0.091977901,0.096732938,0.049489752,0.023151201,0.179904459,0.140352517,0.028808673,0,0,0,0,0,0.025605804,0,0.084736582,0.074487536,0.009548922,0.063373789,0,0,0.074382579
62,0.782631921,0.795371044,0.848882287,0.783680759,0.817486177,0.689845226,0.920137473,0.811217906,0.505015979,0.468889397,0.501232058,0.464817334,0.361707243,0.447567731,0.478486805,0.264812029,0.207980849,0.195539992,0.179560842,0.180131743,0.210383812,0.281328727,0.107022099,0.203536634,0.050256116,0.173914971,0,0,0.000348631,0.045423006,0,0.159449784,0.216084931,0.023266704,0,0.111631476,0,0.125284151,0.048334963,0.191669628,0.020109673,0.155885409,0,0.004780779,0,0.07534378,0,0.139178862,0,0.016228418,0,0.190217395,0,0.097711874,0.001953637,0,0.085893329,0.105812298,0,0,0,0.083337963,0.116885582,0.002823273
63,0.580862334,0.761540713,0.752347086,0.883526398,0.620118131,0.656139901,0.605089534,0.756152939,0.352889509,0.450600796,0.559428351,0.319503827,0.542099214,0.40168854,0.47791987,0.702071499,0.155689998,0.218479076,0.256812381,0.264086516,0.100615533,0.166853573,0.14371176,0.121590364,0.037095412,0.069143674,0.207989949,0.094219897,0.04128832,0,0,0.086921179,0,0.101132978,0,0,0.000210134,0,0,0.178401835,0.012740397,0,0,0.222042388,0,0.180209597,0,0.085516971,0,0.192753193,0.098079311,0.179122135,0,0,0.102914575,0,0.054370085,0,0,0.054304752,0.032757146,0,0.179288002,0.097080787
64,0.851234459,0.796151706,0.709017683,0.582857818,0.876600787,0.850596667,0.806137577,0.756938629,0.254188291,0.441136189,0.525687295,0.606637518,0.393887958,0.524101508,0.552118286,0.553647093,0.368293544,0.08848348,0.157702481,0.270322234,0.084663196,0.293246755,0.128401387,0.387253042,0,0,0.114043224,0.013298699,0.087028035,0.113637736,0.038408051,0,0.117551651,0.045880873,0.109645206,0,0,0,0,0.176105583,0,0,0,0.250196357,0.040565193,0.171001694,0.06529837,0,0.056258124,0.005664579,0,0.038328952,0.189007823,0,0.166392472,0.079108063,0.139395016,0.010947128,0,0,0,0,0,0.010941948
65,0.801211054,0.706317139,0.770071206,0.715960846,0.689815898,0.872227071,0.693458067,0.822160442,0.570685195,0.460197604,0.45624436,0.522340095,0.30024908,0.455115441,0.440911016,0.508452604,0.092984649,0.088793583,0.186401317,0.133561223,0.202378544,0.119276708,0.060729089,0.218054275,0.104200983,0,0,0,0.254275268,0.095438248,0.061126618,0.001638983,0,0,0.019787285,0,0,0.085618764,0.014135254,0.114139978,0.248534716,0,0,0,0,0.158246461,0.003474382,0,0.116668583,0.077328349,0,0.036900358,0.068180863,0,0.079200938,0.120775436,0.143220597,0.224779667,0.015128045,0,0.021989777,0.003601548,0,0.002540267
66,0.904424662,0.834774175,0.824477884,0.723944057,0.87269749,0.872576619,0.730339709,0.8849866,0.312381659,0.431420367,0.587946366,0.429628244,0.33313151,0.493345835,0.414421462,0.399561488,0.252623084,0.076521974,0.205021983,0.129498419,0.0755111,0.159263994,0.04007581,0.295221709,0.004414248,0,0.016629674,0.03173744,0,0.053121601,0.133124919,0,0.135650032,0.102204569,0.077417758,0.208436384,0,0,0,0.075786898,0.056946583,0,0,0,0,0,0,0.062056787,0,0.05048659,0,0,0.125974442,0,0.214393592,0.094400024,0,0.093927275,0.073883014,0,0.000589618,0.172091551,0.075602808,0
67,0.622498781,0.652425677,0.700368595,0.693172047,0.523850266,0.781008828,0.869593594,0.782456919,0.442432182,0.37696245,0.354254312,0.474608091,0.386634135,0.573032708,0.588810313,0.517394762,0.171996995,0.122911336,0.390512459,0.253693797,0.201820066,0.377173081,0.142067541,0.245769669,0.077666109,0,0.045169447,0.070279016,0,0,0.044853278,0.115712646,0,0.177241587,0.027691105,0.034604686,0.015796519,0.007454145,0.118101843,0.05502106,0,0.093029038,0.004273179,0.031126472,0.100738993,0.051894461,0.02690091,0.025677157,0,0.003831309,0.01432648,0.06928486,0.121151559,0,0.112203989,0.051473812,0.003743429,0.033580036,0.144828781,0,0,0,0.036286571,0
68,0.800151246,0.820546007,0.678218023,0.657987017,0.690051805,0.697187591,0.750557717,0.681249202,0.393778496,0.464997264,0.491181949,0.450949633,0.432511836,0.43556896,0.433757366,0.402428596,0.059671426,0.115607614,0.224567247,0.205843436,0.085254576,0.1768358,0.230598301,0.257844349,0.026637749,0.061978742,0.029592769,0,0,0.115277834,0,0.103027298,0.143587813,0.155013036,0.11429028,0.000486269,0,0.014450598,0,0,0,0.040605559,0.206307765,0,0.058612451,0,0,0.067489352,0.18864046,0.125753192,0.047307376,0,0,0.043849723,0.10038608,0.031266823,0,0.081468212,0,0,0.04178025,0,0,0.080429272
69,0.713744751,0.799351155,0.704837994,0.818307928,0.729890795,0.868198122,0.639392294,0.764332732,0.372393886,0.635698657,0.669707275,0.514723079,0.335314339,0.478543248,0.387772683,0.630549172,0.411553457,0.169528744,0.108411019,0.136011052,0.159975711,0.086816186,0.182874289,0.117031907,0.016197824,0.031545566,0.312000088,0.31624228,0,0.180676057,0,0.068029219,0,0.05865744,0.014329152,0,0,0.113355871,0.063473133,0,0,0,0.017281935,0.125125155,0,0.002041517,0.001363287,0.057770462,0,0.098835468,0.01699011,0.177356916,0.009769677,0.060310657,0,0,0.059835232,0.091833184,0.038739712,0.012317489,0.026655344,0,0,0.024250078
70,0.768349463,0.643728628,0.874805571,0.74518975,0.829632087,0.795037377,0.7666823,0.777551204,0.448258397,0.450254787,0.570949448,0.4459677,0.53673892,0.584229567,0.547674631,0.509835349,0.13343767,0.268395114,0.227111255,0.123359703,0.279094242,0.054464083,0.359975805,0.388464329,0.154943278,0.20358412,0.209209131,0.227860634,0.159806566,0.102132137,0.084048238,0,0.093428137,0.015751528,0.181490484,0,0.089211181,0.00269858,0.113958539,0,0.123585728,0.043290725,0,0.014031462,0,0.050400993,0,0,0,0,0,0.030681354,0,0.085205661,0.016308456,0,0.014213442,0,0.178618252,0.054707396,0,0,0,0.019080884
71,0.831377337,0.829439804,0.865563635,0.566396022,0.821602682,0.780056211,0.729875847,0.828529643,0.656108034,0.492609356,0.536081424,0.421461416,0.542874429,0.454100842,0.486928915,0.459026726,0.257578867,0.2382414,0.046650948,0.14422768,0.218050327,0.328446165,0.150516825,0.457005461,0.114034342,0.261147927,0.004299744,0,0.096185371,0.117571141,0.274589567,0.0992537,0.106519812,0.181326021,0.009647499,0,0,0,0.128945053,0.016997166,0.065317595,0.013050111,0,0,0.158956411,0.034540483,0.12213289,0,0.04979477,0.232182906,0,0,0.08801572,0,0.133201688,0.05394903,0,0,0,0.055905009,0,0,0,0
72,0.777234873,0.707127078,0.704644231,0.726746334,0.786007234,0.803987319,0.850742614,0.860552432,0.469466839,0.306680491,0.452460023,0.401347782,0.638121409,0.421902425,0.517073632,0.469233421,0.253764675,0.18187565,0.052213934,0.248530058,0.422364739,0.06624952,0.13980051,0.153748016,0.055202802,0.018948592,0,0.091760266,0.02830173,0,0.068055942,0.144688405,0,0,0.184459602,0.017351243,0,0,0.026753884,0,0,0.039648571,0,0.021194564,0.086609797,0.127125665,0,0,0.206429711,0,0.175021877,0.004730466,0.092515752,0.155626428,0,0.013326799,0.03003415,0,0,0,0.147835421,0,0,0.029198849
73,0.769986405,0.862119492,0.781049808,0.840232406,0.90576443,0.591814346,0.852507015,0.7644536,0.475657456,0.419593513,0.650503349,0.339965699,0.39338251,0.642463444,0.394970426,0.450297958,0.076096793,0.186577984,0.196968222,0.068726805,0.236122503,0.10738977,0.292030839,0.0881152,0.154092214,0,0.106578042,0.113568678,0.09809532,0.134487967,0.172397138,0.233130728,0,0.246702727,0.144842186,0,0.035478796,0,0,0.087468853,0.016311132,0,0,0.040644709,0,0.047078851,0.012941349,0.146514446,0,0,0.075952825,0,0.00616725,0.041404014,0.141015864,0,0,0.09482436,0.172172589,0.097728908,0.035292587,0,0.057352135,0.089545309
74,0.75951881,0.789831718,0.770603569,0.815395186,0.503798702,0.902309226,0.702731909,0.722924059,0.366596171,0.360363555,0.416674452,0.367842117,0.475422586,0.450832721,0.387871121,0.458200271,0.10306408,0.031749582,0.172097548,0.095933779,0.151581323,0.284085434,0.187797874,0.331486198,0,0.046258845,0.149779489,0.06308585,0,0.080762256,0,0.069979129,0.104083507,0,0.116216737,0,0,0,0.046442439,0.101262798,0.000861612,0.093431504,0.020608822,0.029307803,0,0.085081868,0.082450688,0,0.077349616,0,0.092918525,0.094623669,0,0,0,0.130674801,0,0,0,0.113855224,0,0.025977271,0,0
75,0.938657295,0.738465587,0.695725075,0.780567709,0.768936901,0.74832366,0.808729767,0.643065293,0.591846281,0.554092302,0.386503023,0.582173775,0.42839296,0.417537346,0.545445061,0.292102005,0.133714292,0.240985404,0.047876893,0.129960302,0.109189121,0.246643255,0.224635696,0.278636639,0.006028109,0,0.025542221,0.140127245,0.183470742,0.176843862,0.021769234,0.151263079,0.060165639,0.035777965,0.037942104,0.019705285,0.02935966,0.165183559,0.016495919,0.059045313,0,0,0,0.118071871,0,0.126941589,0.107675632,0.016279871,0,0,0.023821546,0,0,0,0.058760254,0,0,0,0,0,0,0.001603077,0,0.019130612
76,0.635564079,0.939371824,0.804213951,0.547552971,0.573582583,0.741520886,0.880454569,0.63353119,0.529946657,0.368758823,0.460014727,0.393540033,0.506429391,0.384040843,0.522567574,0.39862005,0.145804084,0.159161306,0.29142677,0.229473519,0.234108612,0.225616308,0.384933031,0.447993486,0,0.037888961,0.143135206,0.162651333,0.013607841,0,0.174904959,0.049862869,0.04996923,0.063272011,0,0.079416776,0,0.114466772,0.126354338,0,0.054689431,0,0.102697411,0.010823482,0,0.13297846,0,0.033111348,0.039564115,0,0,0.084798159,0.292444022,0.014626363,0,0,0,0,0,0,0,0,0.08737416,0
77,0.849189728,0.732725025,0.692467076,0.690209889,0.893753741,0.704229808,0.885828041,0.802328272,0.611708003,0.344725475,0.485915568,0.444989031,0.418587149,0.50806782,0.487431954,0.360250093,0.013089516,0.216602706,0.121421465,0.102744838,0.233281517,0.234886025,0.032490202,0.214864257,0.127000898,0.145828255,0,0.180203562,0.234939635,0,0.188484665,0.062995033,0,0,0.152024929,0.025529584,0.049231216,0,0,0.07130528,0.066874682,0,0,0.12134312,0,0.085972894,0,0.04359666,0.043956456,0.097066314,0,0.03008172,0,0.026277367,0,0,0,0.135482223,0.072418469,0.00592977,0,0.145814829,0,0.157849741
78,0.955638679,0.770310615,0.649806419,0.666940628,0.849455522,0.571880504,0.650760055,0.755233407,0.39654478,0.433510553,0.522322454,0.559368987,0.60534811,0.631668265,0.427075811,0.368458527,0.182007775,0.220835756,0.244368558,0.313130165,0.027765575,0.18695807,0.189563379,0.131377187,0,0,0.023771607,0.103929229,0.057828551,0,0.052524709,0.093408581,0.068417655,0,0.03494448,0,0.058594569,0.033506794,0,0,0,0,0,0.147402028,0.122809021,0.077154879,0.135734662,0,0.284776199,0.017004347,0,0.083775282,0,0.021167726,0.02587596,0.143461301,0.040072984,0.136665941,0.004122527,0.1975615,0,0.050965542,0.038461472,0
79,0.849183563,0.846666527,0.793999256,0.79692069,0.643750772,0.828772633,0.6946958,0.773507896,0.559876924,0.245272745,0.422778377,0.427812341,0.421948717,0.427358867,0.509980506,0.316171116,0.097666608,0.134743119,0.221687182,0.156410794,0.310587526,0.249701484,0.067312966,0.08965211,0.1263448,0.174058969,0,0.151287603,0.106949362,0,0.092791422,0,0.149426869,0,0,0.065474882,0,0,0,0.004731826,0.084316648,0,0.132164048,0.025689342,0,0.06505445,0.11066158,0.069115631,0.204551664,0.136473499,0,0,0.011387236,0,0,0.039686261,0.09445928,0.0922275,0,0.001432446,0,0,0.081286677,0.157813007
80,0.898265992,0.657573685,0.900564897,0.744408431,0.733082818,0.520682752,0.736479067,0.814380006,0.36310541,0.256556931,0.284276035,0.45150606,0.456291049,0.475080642,0.560943205,0.608398891,0.414675448,0.192685773,0.114916794,0.264250503,0.267761974,0.174882161,0.076462444,0.333934215,0.069792759,0.327670365,0,0.060618623,0.058967592,0.058252971,0.136261631,0.123740697,0.056536171,0.002935206,0,0.115571626,0.086574837,0,0.225003441,0.105821178,0,0.020525104,0,0.005716706,0.241948243,0,0.101595964,0.160451174,0.092844692,0.08717221,0.185814184,0,0,0.175025959,0,0.028310745,0.046345241,0.149116525,0.043965097,0.052789678,0.059953728,0,0.086000125,0
81,0.718287285,0.947949703,0.765497448,0.725095988,0.755889055,0.822725108,0.757267816,0.746333869,0.464633724,0.386081694,0.427980954,0.397501634,0.573115709,0.296223565,0.578505599,0.45517214,0.153913946,0.022321304,0.211747818,0.169118792,0.258754239,0.105625088,0.232666883,0.184596766,0.319503193,0.096237567,0,0.114883503,0.083329468,0,0.140146475,0.126985319,0.100460611,0,0,0.055948965,0.063022809,0,0,0,0,0,0,0,0.001912429,0.147337064,0.146875778,0,0.085533404,0,0.024804103,0.012536428,0.209193907,0,0,0,0.001986409,0.141980361,0.107952558,0,0.08437437,0.140523932,0,0.014187864
82,0.69646945,0.608046587,0.695804348,0.737254265,0.705821104,0.893808041,0.62907228,0.639325203,0.486285358,0.454678281,0.610754988,0.532608582,0.293989242,0.479857645,0.460988969,0.432369179,0.225196627,0.360923153,0.095534663,0.26383403,0.381679958,0.097277656,0.290694008,0.276545442,0.082002119,0,0.19661981,0.105080324,0.109976103,0.050872748,0.034077975,0.093434993,0.049469475,0,0,0.087830497,0.046000055,0.130163367,0,0,0.056551844,0,0.016216112,0,0,0,0,0,0,0.045887163,0,0.013195888,0,0,0.135227315,0,0.197289051,0,0,0,0,0.13292041,0.039450306,0.068546677
83,0.80569336,0.840708198,0.756892899,0.608811477,0.741398589,0.781905561,0.796849599,0.847530065,0.364127534,0.495783081,0.37303602,0.352283507,0.473545998,0.382575926,0.356159414,0.406373479,0.136123286,0.048457298,0.380104091,0.136178492,0.075592056,0.092743698,0.318689896,0.150344153,0.078156553,0.035418237,0.062297843,0,0.191875458,0.11854952,0.18979796,0.322018309,0.210656197,0,0.040496998,0,0.048258062,0.06333975,0.018512066,0,0.042109307,0,0,0,0,0,0,0,0.019184769,0,0,0.062266411,0,0,0.033864707,0,0.076334681,0,0,0.016393383,0.079668677,0,0,0.132534235
84,0.889556568,0.761958179,0.712886301,0.794613054,0.856445496,0.680674106,0.819452717,0.831109839,0.253261907,0.500445194,0.387333025,0.44253167,0.474084736,0.328267522,0.448477352,0.462288826,0.04915701,0.201098272,0.292718635,0.190208505,0.260036543,0.243664359,0.06074554,0.200304952,0.038420736,0.282207336,0.212526407,0.15011495,0.17445759,0,0,0.055647223,0,0.043473405,0.15378355,0.053984087,0.060267148,0.07790688,0.108668309,0,0.067947076,0,0,0,0,0,0,0,0.141548739,0.107868751,0,0.082854384,0.063734889,0,0.004638114,0,0,0.047002084,0.068895122,0.10169518,0,0,0.081039618,0
85,0.721789999,0.778242378,0.794186788,0.601467489,0.801877377,0.697623907,0.773601615,0.776085912,0.383340642,0.390485408,0.59013687,0.611955678,0.510623185,0.354315291,0.472781023,0.62040865,0.271261119,0.320731068,0.350889746,0.224023209,0.181140454,0.132390245,0.01650193,0.122180989,0.122594185,0.161851078,0.111585686,0.188339312,0.115283252,0.114697406,0,0.18362028,0.028442129,0.168359856,0,0,0.077442673,0,0,0,0.155221085,0,0,0.135457501,0.065064002,0,0,0,0,0.257573896,0.087699394,0.154338416,0,0,0,0,0,0,0,0,0.012680855,0,0.009322962,0
86,0.729049508,0.783996689,0.707740233,0.682769918,0.747014852,0.857934505,0.739531215,0.897767755,0.445041297,0.408228514,0.612037243,0.365368718,0.410617034,0.549228532,0.428391268,0.570670766,0.238145492,0.285591533,0.271996798,0.171372207,0.329252026,0.454493912,0.103529314,0.270146785,0.231567264,0.031642767,0.050456806,0,0.12074335,0,0,0.027918827,0,0.212657703,0.060144148,0,0,0.208090321,0.052420965,0,0,0,0,0,0.15995187,0.042098062,0.043548853,0,0.065515111,0,0,0.203872944,0.030347684,0,0.032925284,0.045219501,0,0,0.133266848,0.182060416,0,0.082305995,0,0.045254939
87,0.69280162,0.796347415,0.728780627,0.762774244,0.765874047,0.591811082,0.803363158,0.851461993,0.409108774,0.399846413,0.708809207,0.532484998,0.483700488,0.402240998,0.511822459,0.397948582,0.388476098,0.091932434,0.209391899,0.245682786,0.069914802,0.259532267,0.313221951,0.175662645,0.009651182,0.241291738,0,0.025855977,0.285181601,0.188638493,0,0.13862406,0.07320093,0.00228915,0,0.178113718,0.031005168,0.047929163,0,0.042286084,0.072468776,0,0,0.082563417,0,0.066486455,0,0.094954042,0.158519598,0.013092118,0.056652852,0,0.031681688,0,0.014197767,0.084503813,0.028648133,0.239621076,0.059338914,0.196602815,0,0.027396324,0,0
88,0.665954866,0.579014066,0.778579886,0.887131966,0.74702426,0.88958927,0.924455686,0.670548045,0.501829164,0.516920362,0.477680307,0.606400398,0.494091263,0.351541475,0.656663877,0.497242998,0.159735226,0.328751715,0.085775885,0.294644709,0.198955666,0.178925387,0.383727374,0.194858429,0.188695316,0.05930362,0,0.119106881,0.249600166,0.113342969,0,0.366378844,0.149163852,0.080754615,0.127137986,0.000696763,0.071697825,0.072191496,0,0.121789298,0.041809396,0.055980382,0.084735573,0,0,0,0,0.044475894,0,0.10854565,0.143841955,0.075171337,0.038364738,0.022918405,0.018017845,0.053278313,0.036295252,0,0,0,0,0,0,0
89,0.595498805,0.682146327,0.700644646,0.864598861,0.911736506,0.712620005,0.681061431,0.802264898,0.531071223,0.500412024,0.541784232,0.474962395,0.496772345,0.356438493,0.244162633,0.387596991,0.220702667,0.142359631,0.13837033,0.149806005,0.127869116,0.200216834,0.289107704,0.137778128,0.208655047,0.227721453,0.195146912,0.130377391,0.040742788,0.045862783,0.076575446,0,0,0.000966587,0.049626255,0.236520174,0,0,0.174978213,0.13358846,0.059153499,0.01556678,0,0.163398514,0.169976008,0,0,0,0,0.167081063,0,0.083668541,0.025622379,0,0.03088672,0,0.05928804,0.037818368,0.145908281,0.086203916,0.168213846,0,0.172625165,0.012665685
90,0.805806345,0.698596714,0.672896094,0.731729846,0.711209467,0.939764411,0.71030567,0.773439467,0.631765471,0.454116913,0.587706831,0.434303578,0.513046471,0.367863094,0.592176612,0.501581215,0.335683717,0.157323757,0.208962434,0.378730077,0.092857552,0.25358571,0.309237954,0.246070017,0.067810864,0.016395035,0.025467917,0.090092715,0.152862753,0.201010932,0.050679822,0.143818024,0.116300261,0,0,0.048899678,0,0.158707242,0.091455274,0,0.0571655,0,0.171812476,0,0,0,0.011817768,0,0.05029101,0.004452022,0,0,0.153400182,0,0,0,0,0.004490273,0,0,0.030816733,0.023631251,0.158318646,0.01856596
91,0.727110437,0.735612245,0.537661891,0.974964274,0.618014982,0.706561321,0.808803063,0.72193131,0.470239203,0.588342442,0.415000487,0.469028746,0.462821664,0.563323299,0.528971978,0.670668402,0.154578433,0.200554456,0.194119757,0.376135292,0.138088722,0.308903762,0.235471036,0.381242721,0.102193158,0.130508511,0.142767904,0.107371717,0.1617022,0.118321434,0.084297452,0.067183395,0.065727419,0,0.035533055,0,0,0.018922157,0.05298216,0.006345887,0,0.149016046,0,0,0,0,0.064058425,0,0,0.164546084,0,0,0,0.021487932,0.062309372,0.08877241,0,0.095652288,0,0.09339664,0,0,0,0.163696279
92,0.552968945,0.768965879,0.898010918,0.752185893,0.727875285,0.699102149,0.926487557,0.812037537,0.464126282,0.56358833,0.397195932,0.589600565,0.49020901,0.482925705,0.481806611,0.531705681,0.251680818,0.181631882,0.21973552,0.057631205,0.241211239,0.068539692,0.139084597,0.124798353,0.155383517,0,0.042554752,0.033447915,0.165178562,0.16123011,0.083305499,0,0.133971974,0,0,0.02194364,0.118970249,0.079037796,0,0,0.074152221,0.064664101,0.122059399,0,0.05937679,0.038640987,0,0,0,0.003494262,0,0.108693268,0.059476847,0,0.063279266,0,0.057990085,0,0.106575953,0,0,0,0,0.140564852
93,0.678491865,0.796856718,0.750614036,0.778239051,0.666370477,0.735902143,0.792106161,0.827331682,0.510278874,0.283848567,0.413944371,0.590789824,0.572237266,0.438009001,0.487007576,0.084096121,0.203901414,0.297453785,0.143694469,0.250325998,0.141936026,0.176752428,0.320901926,0.18492896,0.225602592,0,0.010111936,0.045393243,0.077775672,0.154963312,0,0.162633038,0.086184087,0.107802876,0.017058518,0,0.046265882,0,0.20436816,0.117763079,0.144640982,0,0,0,0,0,0.011712596,0,0,0,0.059045497,0,0,0.167766126,0.015603877,0.137845502,0,0,0,0,0,0,0.10994008,0
94,0.800922246,0.744340515,0.904951698,0.847800074,0.703843699,0.67216626,0.889340817,0.837418423,0.533073047,0.463113487,0.612059265,0.328969865,0.5520621,0.35103979,0.447337365,0.434902124,0.244498674,0.196015293,0.246504168,0.083355942,0.346399246,0.14697533,0.232105976,0.107514069,0.049993827,0,0.119445622,0.103371137,0.129713105,0.001234049,0.004979112,0,0,0,0.015015803,0.153726189,0,0.134184239,0,0.112408158,0.074328382,0.13742701,0.17868601,0.03044545,0,0,0.017301249,0.076388465,0,0,0.039925772,0.138188079,0,0.015659778,0.055438262,0.046797316,0.014030358,0,0,0.086620372,0.022142609,0.176112277,0.096281429,0
95,0.748984988,0.804353507,0.751389433,0.830013817,0.909203687,0.896992603,0.752856729,0.751265863,0.587020948,0.459930868,0.564926422,0.337074653,0.335951217,0.498513085,0.530104466,0.480917795,0.234894771,0.093471123,0.199751236,0.051026975,0.206168048,0.27718226,0.180153755,0.079238921,0.222788606,0.103095928,0.022705058,0.078817118,0.023350744,0.138064378,0.046859945,0.052114849,0,0,0,0.010022935,0.015796035,0,0.099371132,0,0,0,0,0.198045601,0.050679717,0.116972316,0.109571979,0,0.006576969,0,0.176766903,0.19009139,0,0,0.043355871,0,0.098982344,0.003794055,0.036522984,0.033866676,0,0.010429374,0,0
96,0.777093813,0.651879994,0.751321308,0.723010435,0.711921256,0.891489391,0.598200028,0.754188964,0.35737348,0.527260502,0.42042672,0.492928034,0.475016136,0.510566806,0.630932559,0.406083528,0.264623429,0.126292431,0.356357477,0.13637821,0.320722804,0.180728394,0.203546481,0.120332433,0,0.161037645,0.0070388,0.045880163,0.055663179,0.079657089,0.06105048,0.142675163,0,0,0,0,0.102691765,0.029175526,0.011475482,0,0,0,0.188838708,0.0991271,0.175789658,0.066062555,0.016493872,0,0.110184178,0.055575657,0.112555351,0,0,0,0,0.190442819,0.073239498,0,0,0,0,0,0,0.052762254
97,0.847830605,0.810807189,0.889859631,0.744978188,0.830382315,0.739662191,0.810352436,0.756888444,0.441767602,0.530308624,0.557923453,0.350387519,0.661628183,0.477193924,0.280244205,0.727387579,0.201826137,0.270640772,0.203129423,0.227652928,0.167979588,0.19616915,0.174663247,0.136612222,0,0,0.255150323,0.074569338,0.110084425,0.103869244,0.070853538,0,0.153052138,0,0.157947832,0.136465267,0.006983664,0,0.028177061,0,0.195790338,0.062422479,0.030514408,0.22099557,0.08692045,0,0.01263952,0,0.008029422,0.12806638,0,0.102800414,0.05666869,0.091137828,0,0,0,0,0.008266683,0.179850217,0.148482918,0,0,0
98,0.897159669,0.745968389,0.799728738,0.749871357,0.660178662,0.641800487,0.808902503,0.834349534,0.465839052,0.520616453,0.561738516,0.575923489,0.383766298,0.440392105,0.415426865,0.402193105,0.212817252,0.179307856,0.232540253,0.069187645,0.133092957,0.299156713,0.023241125,0.031828818,0.017028692,0.082310634,0.305175235,0.049714886,0,0.060515685,0.109311761,0.080863657,0.022950803,0,0,0,0.000431137,0.027395553,0.063168578,0.185190559,0,0,0.1005476,0.021081934,0,0,0,0.203269629,0.027194714,0.107314287,0.066398111,0.097133971,0.003720066,0,0.002952093,0,0.089212775,0.017617809,0.02873187,0.110183294,0.053157708,0.134760618,0.197856527,0
99,0.743946846,0.780778479,0.773794048,0.646515786,0.792348081,0.699942515,0.689767877,0.863095534,0.491518771,0.305540954,0.488193726,0.47281819,0.516231187,0.588395232,0.564997863,0.426773805,0.123890514,0.271432115,0.281100947,0.322486953,0.333978669,0.219932195,0.277030126,0.237438354,0.004384443,0.031096299,0.093954867,0,0,0.149602677,0,0.064224404,0,0.045115156,0.274270242,0.105542738,0.107364961,0.205815676,0.066714686,0.066179581,0,0.075823594,0.104958745,0.040669429,0,0,0,0.247339689,0,0.090688342,0,0,0.029817341,0,0,0.031781366,0.000747256,0,0,0,0.149261228,0,0.096851207,0.025300026
100,0.635682027,0.811947969,0.720560343,0.79704712,0.680413186,0.813315445,0.953373514,0.728703657,0.474701013,0.399283917,0.424095162,0.396764933,0.176276283,0.501348774,0.56118531,0.679069696,0.247555529,0.036351416,0.096281883,0.133686968,0.170858096,0.147077365,0.064022408,0.000182968,0,0.122673579,0.129503278,0.063636182,0.168432635,0.116625989,0.034158568,0,0,0.073170174,0.175647256,0,0.142673698,0,0.025124377,0.005643445,0,0.169414523,0,0.284022072,0.028060803,0.200396834,0,0,0.050920491,0,0.043297298,0.214142804,0.164898979,0,0.121550008,0.042946638,0,0,0,0.000948267,0.056276442,0,0,0
101,0.728451486,0.735992494,0.71763831,0.735072911,0.683666035,0.722675083,0.683001488,0.739424185,0.414235067,0.494872408,0.54189508,0.651242955,0.423369552,0.376690606,0.546465559,0.517182074,0.22122411,0.224821387,0.32962282,0.171738297,0.434581433,0.128962602,0.341451043,0.223528758,0.235615569,0.029065335,0.050034857,0.21504038,0,0.200489382,0.045190286,0.026283515,0.295340011,0.160171632,0.051175974,0.134055094,0,0.043168764,0.086912392,0.182335863,0,0,0.152282488,0.132523913,0.130675567,0,0,0,0.130219326,0.004124943,0.091939275,0,0,0,0,0,0.005438981,0,0.11930165,0,0,0,0.0529257,0
102,0.895986025,0.896439248,0.876725476,0.789173627,0.760682912,0.703058041,0.869305375,0.729274779,0.255552366,0.497227254,0.559272491,0.562824204,0.541056859,0.503658652,0.464259164,0.361549384,0.008490552,0.304185621,0.20345683,0.226329508,0.140984623,0.042654764,0.252838998,0.179477265,0.254354477,0.174417395,0,0.084849053,0,0.264640615,0.095959671,0.253351465,0,0,0.089466438,0,0.011956699,0.037624733,0.240698464,0.121922097,0.161014282,0,0.071173986,0,0.036864413,0.114330197,0.034022328,0,0.006843266,0,0,0.154596743,0,0.025151819,0.064171288,0.144786779,0.015206857,0.04764184,0.100729884,0.00953487,0.117372433,0.046541658,0,0.027901774
103,0.813750591,0.797571994,0.867030481,0.710109687,0.908890842,0.824978541,0.777789432,0.870390932,0.357764783,0.390227085,0.444271516,0.342287973,0.59686949,0.300491497,0.197020817,0.49845353,0.252179481,0.284222914,0.160133155,0.336020847,0.305470306,0.191501995,0.209191083,0.373166178,0,0,0.17823187,0.103751053,0.130042811,0.108352308,0.08270325,0.11755008,0.010340501,0,0,0,0.012456959,0.059807894,0.066425222,0.01010172,0.21853388,0,0,0,0,0.183932635,0,0.021340698,0.013890744,0,0.005383501,0,0.072460868,0.071733565,0,0,0.152688865,0.030493989,0,0.10636354,0.028497596,0.129871486,0,0.212938319
104,0.836475243,0.810568821,0.74976982,0.754518594,0.697808891,0.672155616,0.902917828,0.866556258,0.511265755,0.172739598,0.300451075,0.37565021,0.446800083,0.498056516,0.265815042,0.465268511,0.035062441,0.095794694,0.2423283,0.288477657,0.280979125,0.197148141,0.131914637,0.150199414,0.111252339,0.106835292,0.062302702,0.002731192,0.091237069,0.041861673,0.086092824,0,0.014549207,0,0,0.025243132,0,0,0,0,0.124253806,0,0,0,0,0.049980504,0.070324292,0.012371855,0,0.118237322,0,0,0.011850304,0,0,0,0,0,0,0,0,0,0.137221677,0
105,0.7038828,0.701603445,0.643696614,0.683869963,0.863345232,0.745815197,0.77078883,0.453488031,0.388121148,0.650857228,0.400401248,0.463362598,0.270938757,0.523390602,0.693218539,0.617022792,0.182152541,0.11129274,0.288538815,0.237562562,0.14613567,0.215565454,0.192088052,0.190596903,0.029348276,0.037073405,0.129881654,0.076492149,0.114313797,0.010409648,0.021879383,0.049467195,0,0,0,0,0.084370342,0.183485978,0.115885832,0,0,0,0.044705503,0,0,0,0,0.064341713,0.122222135,0.042358169,0,0,0,0.04465747,0.071918852,0.132117959,0.147070951,0,0.234804205,0.131959802,0,0,0,0.01271671
106,0.775724273,0.807213402,0.675027819,0.718528225,0.833494711,0.847252202,0.720701473,0.747533373,0.345083104,0.63177654,0.546004581,0.443696309,0.46253159,0.548522414,0.370733471,0.546844798,0.295484941,0.064692412,0.074694606,0.145315273,0.309687382,0.294275893,0.046287,0.175646329,0.06800455,0.087032778,0.059740874,0,0.014745729,0.153828118,0.054468459,0.157987871,0.198527817,0,0.12843835,0,0,0.200155867,0.041212597,0,0.030966292,0.219738385,0,0.157888926,0.082842147,0,0.100598539,0,0.02450869,0,0,0,0,0,0.041227685,0,0.023802664,0,0,0.115811419,0.095783286,0,0,0
107,0.756801816,0.62819256,0.907075991,0.99533756,0.902620154,0.732112775,0.833248407,0.688482058,0.301611012,0.471755137,0.498393834,0.654786422,0.439975994,0.540018275,0.42219626,0.37025658,0.122361954,0.119395077,0.176662109,0.190894328,0.316346564,0.312259685,0.124719016,0.135214473,0.107739408,0.357470991,0,0,0.081558252,0,0.261887708,0.06144945,0.081712467,0,0.030231629,0,0.09410603,0,0,0,0.140810635,0,0.038390388,0.06352983,0.00930084,0.155504771,0.081186541,0.13326859,0,0,0,0.016714856,0,0.14264373,0.004666887,0.037086367,0,0,0.205944233,0,0,0.14477002,0.016208845,0
108,0.785751487,0.850756928,0.842823031,0.825058158,0.61132117,0.735795543,0.795428298,0.891175303,0.279516227,0.227653138,0.624357739,0.50138352,0.494476048,0.458309789,0.516627373,0.535064849,0.205338212,0.428446797,0.229178515,0.264995831,0.317168959,0.196273171,0.044303049,0.217105876,0.046950375,0.016780672,0.068704688,0.038017618,0.105054755,0,0.122145268,0.087232545,0.024048902,0,0.065146383,0.108651517,0,0.108781012,0.085270723,0,0.099579082,0.078094974,0.04773596,0,0,0.012068161,0,0,0,0,0,0.03512111,0,0,0,0.01877324,0.09916787,0.014666325,0.180468047,0,0,0,0,0.092418676
109,0.901865973,0.667591787,0.644491552,0.825183693,0.901353701,0.804012043,0.496311693,0.751704553,0.389075226,0.436184221,0.480083634,0.376939723,0.468251378,0.582842069,0.560562265,0.505306789,0.202233725,0.02134603,0.220585635,0.209129149,0.11190976,0.098359855,0.143854765,0.172716045,0,0.165691083,0,0.130245565,0,0.128467958,0.047007073,0.132585557,0.178208187,0,0.099336334,0.029603236,0.155847269,0,0,0.091243714,0.097342735,0,0,0.048470868,0,0.068818322,0.088604053,0,0.005284215,0.011894806,0.111346442,0,0,0,0.039670953,0,0.023539345,0,0,0.036034637,0.107176902,0.125089436,0,0
110,0.813711292,0.657194308,0.816835453,0.805734825,0.789977217,0.819268541,0.6053737,0.773132072,0.411411151,0.623152911,0.445619105,0.423584546,0.440450164,0.435349844,0.522396655,0.489000919,0.17555405,0.184298621,0.15904329,0.320341952,0.174326603,0.166210293,0.29804616,0.01028768,0.121405029,0.193691221,0.107577189,0.092705746,0.017887562,0.137908309,0,0.014045072,0.208081385,0.074733832,0.014791732,0.059944595,0.283790097,0,0,0,0,0,0,0,0.041437427,0.029244679,0,0,0,0.00551183,0.066642482,0,0.128349316,0.037701705,0,0,0,0.022691374,0,0.031236484,0,0.033996794,0.090163631,0
111,0.640148325,0.834633009,0.528501012,0.605763619,0.948056229,0.869450874,0.801462351,0.65156742,0.400019334,0.624051714,0.466065466,0.693903744,0.479649919,0.449396707,0.448203933,0.305642791,0.183216918,0.432147557,0.077403505,0.091164881,0.122702945,0.175617138,0.278534622,0.263801787,0.011046054,0,0,0.09859049,0.09191623,0.080881622,0.128390293,0.092718892,0.040973997,0,0.201554558,0,0.087522684,0,0,0,0.049421063,0,0,0,0.020843152,0.035635698,0.074667953,0,0,0.04795831,0,0,0,0.189198719,0,0,0,0,0.161832202,0,0,0.089443696,0.109850771,0.105912926
112,0.765234885,0.717327367,0.982684191,0.710158438,0.813109099,0.59287968,0.859042308,0.894296714,0.595153459,0.357962959,0.471814296,0.507164912,0.436159462,0.347204431,0.580943051,0.402436153,0.15668951,0.114232187,0.127158973,0.118312342,0.124298437,0.160729085,0.405086449,0.052291445,0.037529144,0.273298484,0.020399561,0,0.048861354,0.107719282,0,0.011747764,0,0,0,0,0.191106498,0.066205186,0.065853701,0.015698423,0,0.077032092,0.160199422,0,0.149448446,0,0,0.14140926,0,0,0,0.095712463,0.074799871,0,0,0.120174475,0.057747275,0.027302413,0.072981146,0,0.13280029,0.051982742,0.056573266,0.091230987
113,0.823239776,0.787379863,0.85955082,0.569925971,0.671039859,0.730088984,0.87999765,0.712847528,0.589201617,0.47522234,0.398126533,0.539576031,0.413129431,0.409410191,0.438287275,0.458848692,0.036424769,0.132366399,0.166136606,0.229682321,0.281120145,0.224993893,0.438586829,0.124053306,0.076487377,0,0.057338768,0,0.254990935,0.260646708,0.009214008,0.001987634,0,0,0,0.088106547,0,0.050984586,0.074052041,0,0,0,0.196948935,0,0.010921118,0,0,0.135167146,0.121198088,0,0,0.076499422,0.042236933,0,0.060272123,0.130372362,0,0.126274996,0,0,0,0,0.038484415,0.102181371
114,0.603324613,0.598263869,0.701019205,0.778532775,0.821015374,0.90860493,0.956736457,0.655565206,0.567052156,0.372203697,0.384320641,0.414035591,0.600245252,0.464152336,0.51913892,0.456048384,0.031605078,0.215099805,0.191006955,0.286217719,0.215248991,0.211175636,0.168218864,0.09904636,0.116633514,0.101670639,0.121384418,0.017977571,0.047800576,0,0,0.072624807,0.102672905,0.18473527,0,0.084002225,0.066766628,0.009411897,0.031111678,0.077053347,0.019406026,0,0.049265818,0,0.103107967,0.066062605,0,0,0,0,0.104333794,0.126725704,0,0.141860191,0.128297314,0,0,0.042324103,0.064700459,0.021562061,0,0,0,0.134133616
115,0.896931517,0.7884137,0.69225441,0.655273454,0.507704461,0.830722037,0.702176067,0.767619328,0.491307667,0.487542666,0.59315368,0.550613074,0.370186061,0.427926152,0.493651007,0.425274226,0.281673456,0.334735391,0.124666323,0.208636262,0.231203904,0.224087023,0.111539789,0.06950386,0.088237037,0.042852055,0,0.202195277,0.094586767,0.047949596,0.001718688,0.38703707,0,0.038443348,0,0,0.086349637,0.060019914,0,0.165031482,0,0.077782858,0,0.064033416,0,0,0.008642942,0.013504793,0,0,0.016132932,0,0.085706574,0,0.019588628,0,0.062931777,0.063821526,0.021471815,0,0.001812737,0.111035312,0.034797969,0
116,0.930873737,0.818104085,0.765915379,0.717747688,0.776605419,0.67564481,0.942114817,0.586544247,0.434615962,0.575070605,0.452571225,0.52397127,0.344932746,0.533321769,0.498564974,0.36835537,0.353156822,0.295759551,0.102770576,0.254169755,0.154589951,0.237657886,0.01665948,0.167387742,0.05110458,0,0.242211165,0.214655668,0.151481796,0.058137754,0.14606344,0.02407278,0,0,0,0,0,0,0,0,0.125510111,0,0.049509062,0,0,0.125664559,0.191467567,0.140602862,0.152942011,0.132231233,0.009399076,0,0,0,0.0946302,0.114720385,0.033971917,0.017681082,0,0,0.014187619,0,0.040913868,0
117,0.568783722,0.875983712,0.748855379,0.847846042,0.844927535,0.929099778,0.842415478,0.671960807,0.444020648,0.384037526,0.546699236,0.276248381,0.659204691,0.601318262,0.539599984,0.36404978,0.298136488,0.196304012,0.087003876,0.335114324,0.262067252,0.253466778,0.227705831,0.181462426,0.028491878,0.09994314,0.093493457,0.179902882,0.136351075,0.331082283,0,0.020252465,0.10029104,0.199587984,0,0.095744834,0,0,0.057337835,0.02315848,0,0,0.04483614,0,0,0.255307257,0,0,0,0.073142993,0.06767066,0,0.080928173,0,0.06863862,0,0.174917355,0.114418065,0.043896533,0.117615319,0.101973465,0,0.124735996,0
118,0.740035639,0.781895702,0.921872246,0.675296134,0.956987646,0.638589767,0.78296009,0.817772322,0.530904103,0.514721144,0.440619277,0.428150229,0.323322273,0.430314978,0.462788153,0.457947572,0.296475725,0.175508157,0.039420709,0.281550432,0.14446699,0.152441687,0.143925214,0.252313744,0.242091196,0,0.060161997,0.014613149,0.100656267,0.126268492,0.040790581,0.103561531,0.024202536,0,0,0.086161936,0,0,0.008679329,0,0,0,0.119290907,0.093468594,0,0.028886781,0,0.140042562,0,0.05800311,0,0.023931557,0.082899439,0.004782886,0,0,0,0.141068502,0,0.052964711,0,0,0.037398706,0
119,0.808564592,0.665893237,0.833625257,0.885724202,0.846548782,0.90581925,0.7326369,0.788344414,0.462823141,0.435415825,0.547544417,0.327835622,0.503688218,0.58190109,0.322208961,0.627391145,0.188473273,0.180252961,0.271771929,0.248224452,0.243840486,0.138586888,0.183662255,0.219705037,0.021055538,0.090632254,0.119386144,0,0.065188616,0.021766581,0.107428379,0.043932982,0.013728354,0.110576523,0,0,0,0,0,0,0.046510281,0.166038034,0.037676295,0.107740666,0.021963384,0.047602893,0.144872639,0.156809633,0.062389964,0.176470604,0.156934221,0,0,0,0.021192198,0.091122539,0.073698398,0.194081803,0,0,0.017486152,0.051881513,0,0